569118a4-f1fb-4cf7-a0fd-a271bf8a8d6f	2CDA45E4BA1C655230CD4E30BBF064EE	M	AAIP6Md AAIOO7m AAIROMv AAJ8NWP AAJczat AAJdHzO AAJe6T4 AAJs2EA	280 488 1113 118 988 1058 106 1320	10/16/2019 5:49:14 AM#TAB#10/16/2019 5:53:54 AM#TAB#10/16/2019 10:25:00 AM#TAB#10/22/2019 6:35:10 AM#TAB#10/23/2019 8:27:37 AM#TAB#10/23/2019 9:02:29 AM#TAB#10/23/2019 10:11:06 AM#TAB#10/28/2019 4:57:56 AM	6 46 8 4 5 5 1 6	AAJuVER	AAFKzzv AAFKzzv AAIAaCs AAIAaCs AAIShm6 AAIShm6 AAIVO7I AAIVO7I AAJ9RLi AAJ9RLi AAJ9RLi AAJktQt AAJkx6N AAJkx6N AAJmiKs AAJmiKs AAJsSxE AAJsSxE AAJsxXt AAJsxXt AAJtaCh AAJtaCh AAJteht AAJteht AAJtqQ9 AAJtqQ9 AAJtzQt AAJu46f AAJu46f AAJuMZw AAJuUF4 AAJuUF4 AAJuafg AAJuafg AAJufzH AAJufzH AAJvHE4 AAJvNIP AAJvhLF AAJvhLF AAJvlo3 AAJvlo3 AAJvnfQ AAJvnfQ BBUPTEK BBUPTEK	10/29/2019 5:12:04 AM	10/29/2019 6:16:18 AM	474	3	4 24 4 16 4 18 4 29 4 6 7 31 4 13 4 21 4 10 4 25 4 22 4 23 4 12 15 4 19 30 4 11 4 17 5 14 4 28 4 5 4 6 1 4 4 27
58a219e1-7c14-43e2-9a99-a28021749926	D1EDB38B18AD01B7A8D07EEAFFFFFFFF	A	AAILuv2 AAISKxN AAISgH7 AAIRQd8 AAIVGuF AAIVrDm AAIVNuu AAIUFLb AAIW6Ax AAIWqbj AAISNfs AAIZhNz AAIZCWx AAIZs29 AAIZ8XV AAIZ3ad AAIZnI2 AAIXDzQ AAIXEpR AAIZFIp AAIZFxX AAJ0f5P AAJ1U6b AAJ20M6 AAJ2UwZ AAJ42dC AAJ1kHY AAIPefV AAJ77W3 AAJ79dX AAJa9mk AAJ9Vh3 AAJaQcw AAJcbx3 AAJcU7K AAJcWHy AAJcQKF AAJbi0s AAJ3SSG AAJdVho AAJdTJj AAJfT2v AAJghOX AAJh2w9 AAJfSmD AAJhyfq AAJjBcg AAJkxt4 AAJkWss AAJl8ee AAJlNpM AAJahfE AAJmSRt AAJkihN AAJnP9M AAJiMQV AAJprX2 AAJmRKE AAJpcmG AAJp3mV AACXN6b AAJrKGq AAJs0zZ AAJtAgb AAJufyS AAJm1JF AAJkx6N AAJu4kl AAJuVtF AAJv3vt	1090 175 64 1170 116 48 82 129 178 83 592 222 65 62 291 120 156 235 168 128 1720 163 242 782 1000 54 20 1138 183 1119 411 921 44 169 223 74 76 1307 6 60 988 41 34 274 53 947 41 467 504 149 506 35 52 66 210 653 517 198 62 274 25 748 148 326 126 484 79 161 134 300	10/14/2019 1:32:35 PM#TAB#10/16/2019 1:58:48 PM#TAB#10/16/2019 2:01:44 PM#TAB#10/16/2019 2:03:34 PM#TAB#10/17/2019 9:49:15 AM#TAB#10/17/2019 9:51:12 AM#TAB#10/17/2019 10:08:26 AM#TAB#10/17/2019 1:31:03 PM#TAB#10/17/2019 1:33:13 PM#TAB#10/17/2019 1:36:12 PM#TAB#10/17/2019 1:38:42 PM#TAB#10/18/2019 12:36:38 PM#TAB#10/18/2019 12:40:21 PM#TAB#10/18/2019 12:58:13 PM#TAB#10/18/2019 12:59:16 PM#TAB#10/18/2019 1:04:08 PM#TAB#10/18/2019 1:06:09 PM#TAB#10/18/2019 1:08:46 PM#TAB#10/18/2019 1:12:41 PM#TAB#10/18/2019 4:21:03 PM#TAB#10/18/2019 5:22:13 PM#TAB#10/19/2019 3:22:24 AM#TAB#10/19/2019 6:35:36 PM#TAB#10/19/2019 6:44:44 PM#TAB#10/20/2019 3:05:27 AM#TAB#10/20/2019 8:09:24 AM#TAB#10/20/2019 8:10:19 AM#TAB#10/20/2019 8:12:44 AM#TAB#10/21/2019 9:43:42 AM#TAB#10/21/2019 9:46:45 AM#TAB#10/22/2019 7:27:54 AM#TAB#10/22/2019 8:38:57 AM#TAB#10/23/2019 12:44:02 AM#TAB#10/23/2019 3:47:49 AM#TAB#10/23/2019 3:50:38 AM#TAB#10/23/2019 3:54:22 AM#TAB#10/23/2019 4:05:25 AM#TAB#10/23/2019 4:06:42 AM#TAB#10/23/2019 8:28:21 AM#TAB#10/23/2019 8:29:10 AM#TAB#10/23/2019 12:53:15 PM#TAB#10/23/2019 4:46:00 PM#TAB#10/24/2019 6:58:45 AM#TAB#10/24/2019 12:47:08 PM#TAB#10/24/2019 1:09:10 PM#TAB#10/24/2019 1:10:04 PM#TAB#10/25/2019 3:33:07 AM#TAB#10/25/2019 3:33:49 AM#TAB#10/25/2019 8:13:33 AM#TAB#10/25/2019 4:28:31 PM#TAB#10/25/2019 4:44:23 PM#TAB#10/26/2019 3:25:48 AM#TAB#10/26/2019 3:26:54 AM#TAB#10/26/2019 7:16:34 AM#TAB#10/26/2019 6:16:17 PM#TAB#10/26/2019 6:19:48 PM#TAB#10/27/2019 1:53:47 PM#TAB#10/27/2019 2:44:08 PM#TAB#10/27/2019 2:47:26 PM#TAB#10/27/2019 2:48:29 PM#TAB#10/27/2019 2:55:15 PM#TAB#10/28/2019 12:35:09 AM#TAB#10/28/2019 12:47:37 AM#TAB#10/28/2019 12:48:28 PM#TAB#10/28/2019 1:00:25 PM#TAB#10/28/2019 1:04:39 PM#TAB#10/29/2019 1:09:08 AM#TAB#10/29/2019 1:12:42 AM#TAB#10/29/2019 1:15:23 AM#TAB#10/29/2019 1:17:37 AM	 29 47 45 18 42 14 6 11 31 36 6 22 7 5 13 20 22 41 9 3 7 7 5 34 18 28 34 4 50 6 24 58 5 41 55 6 9 22 39 7 3 29 6 13 10 4 6 13 8 3 14 11 58 3 40 3 7 13 14  1 3 14 60 81 11 45 16 27	AAJBa6B	AAEf8UG AAEf8UG AAEf8UG AAEf8UG AAEf8UG AAIOf2Y AAIOf2Y AAJ7Ijf AAJ7Ijf AAJ7Psy AAJ7Psy AAJA21X AAJA21X AAJAFQ3 AAJAFQ3 AAJAT1h AAJAT1h AAJAeLV AAJAeLV AAJAeLV AAJAeLV AAJAeLV AAJAvFl AAJAvFl AAJBFrS AAJBFrS AAJBsSa AAJBsSa AAJBuaH AAJBuaH AAJBxxy AAJBxxy AAJBz1H AAJBz1H AAJbhup AAJbhup AAJnIVM AAJnIVM AAJsVbc AAJwonH AAJwonH AAJy6rv AAJy6rv AAJyAtn AAJyAtn AAJyFzZ AAJyFzZ AAJylVA AAJynW9 AAJynW9 AAJyyOp AAJyyOp AAJz2jC AAJz2jC AAJz2jC AAJz63g AAJz63g AAJzEWz AAJzEWz AAJzGIg AAJzGIg AAJzLNZ AAJzNBJ AAJzNBJ AAJzQfv AAJzQfv AAJzTrd AAJzTrd AAJzWbC AAJzWbC AAJzZqw AAJzZqw AAJzZqw AAJzZw2 AAJzZw2 AAJzbmI AAJzvqj	10/30/2019 1:13:33 PM	10/30/2019 1:40:34 PM	279	5	1 2 3 4 39 4 18 4 23 4 15 4 34 1 4 1 4 1 2 3 4 21 4 8 4 19 4 10 4 13 4 31 4 36 4 33 4 37 13 4 16 3 4 4 11 4 42 45 4 17 2 4 2 4 25 4 35 4 28 4 12 14 4 43 4 8 4 6 4 22 4 12 14 4 29 44 4
066c41c1-fbbe-4a55-840a-5136126935d2	09757CFC644E6AAF095F71F265E66B1F	M	AAIKZbt AAIKTCC	25 64	10/14/2019 11:27:36 AM#TAB#10/14/2019 11:28:02 AM	8 17	AAJO1fS AAJOL3l AAJPLGz	AAJAfgD AAJAfgD AAJGg4L AAJGg4L AAJHTnu AAJHTnu AAJHU3j AAJHU3j AAJI3rQ AAJI3rQ AAJIjG8 AAJIjG8 AAJMKsr AAJMKsr AAJNE9Q AAJNE9Q AAJNKsO AAJNKsO AAJNcrh AAJNcrh AAJNdEF AAJNdEF AAJNpzR AAJNpzR AAJNxD4 AAJO5iV AAJO5iV AAJO6IF AAJO6IF AAJO6aX AAJO6aX AAJOCEP AAJOCEP AAJOImr AAJOImr AAJOKpj AAJOKpj AAJOQ76 AAJOQ76 AAJOR8N AAJOR8N AAJOR8N AAJOTEK AAJOTEK AAJOgF2 AAJOgF2 AAJOklG AAJOklG AAJOpzP AAJOpzP AAJOsVg AAJOsVg AAJPL7k AAJPL7k AAJPQKH AAJPQKH AAJPaAb AAJPaAb AAJPmUb AAJPmUb AAJPvxp AAJPvxp AAJQLqL AAJy1qC AAtVp0r AAtVp0r BBT3Ys7 BBT3Ys7 BBUktpj BBUktpj	11/4/2019 12:51:24 PM	11/4/2019 1:43:42 PM	674 499 170	8 1 5	4 19 4 21 4 43 4 41 4 22 4 28 4 15 4 40 4 18 4 11 4 14 4 33 44 4 30 4 39 4 31 4 27 4 16 4 35 4 34 1 3 4 4 42 4 10 4 23 4 37 4 13 4 17 4 29 4 36 4 6 3 4 46 45 4 24 4 25 4 12
ec7241fb-4739-4c5d-a014-cc2ddd06710d	208253345E436DE509405E4B5A436E7F	M	AAJwml6 AAJuVER	42 119	10/29/2019 10:22:29 AM#TAB#10/29/2019 10:23:12 AM	1 2	AAJBmut AAJqdH0	AAIO2b6 AAIdBa8 AAIftkJ AAIx4pp AAJ7Bc7 AAJA2gR AAJA4td AAJASsU AAJAXel AAJAYBn AAJAeJX AAJAg8U AAJAgSG AAJAvuY AAJAw06 AAJBAaG AAJBBvT AAJBDiu AAJBDjw AAJBFUm AAJBFdY AAJBGPa AAJBGm9 AAJBKKG AAJBMhH AAJBNa3 AAJBOlX AAJBOlj AAJBSjS AAJBUti AAJBkwG AAJBwMN AAJC0gE AAJC21v AAJC2PU AAJC2XU AAJC3ny AAJC42b AAJC59c AAJC5hl AAJC5mV AAJC7gg AAJCFQ5 AAJCFTU AAJCKIo AAJCPoP AAJCQsi AAJCT3Z AAJCTMA AAJCUdM AAJCUv8 AAJCWFG AAJCXTY AAJCY4D AAJCdP0 AAJCeff AAJCgEc AAJCiBM AAJCiNG AAJCiRf AAJCpZn AAJCtll AAJD01m AAJD04K AAJD6Vq AAJD8gf AAJD9Ia AAJD9PE AAJDKXT AAJDaIP AAJDbIc AAJDcw5 AAJDd9a AAJDdLm AAJDdr7 AAJDj46 AAJDkto AAJDlMI AAJDlrU AAJDmqX AAJDnXA AAJDpW9 AAJDyqg AAJeggM AAJg4w8 AAJnIVM AAJotDz AAJppdJ AAJtIKS AAJuF9m AAJuXdG AAJvJA0 AAJvxAj AAJwxEl AAJxbbg AAJxbu7 AAJy1K2 AAJy5zQ AAJy6Mk AAJyDeq AAJzL9O AAJzT9O AAJzXjt AAJzZ9N AAJzdNj AAJzg2M AAJzuGx BBNOB3I BBPa3OQ BBPaAsP BBSuVgr BBTaBuq BBVFDCm	10/31/2019 9:16:42 AM	10/31/2019 9:20:04 AM	25 106	5 23	22 90 104 105 118 18 57 109 77 16 47 88 56 34 125 13 63 73 45 61 72 15 92 6 17 9 39 62 122 102 1 51 69 79 10 71 86 121 114 70 7 42 66 50 82 36 75 46 89 38 58 80 111 93 124 19 44 55 4 12 91 21 49 2 40 11 30 27 29 94 24 31 120 119 116 41 48 60 64 81 35 107 43 106 53 28 25 113 112 103 99 68 52 65 101 115 87 84 100 33 76 78 117 110 85 54 67 37 83 59 123 108 74
059d260e-2170-4795-bbc7-7b0ed117b6f6	01D506870ACE675E2F5C0A3C0BA166B1	M	AAIOZ8S AAIOVhL AAILaSA AAENRpA AAISARo AAIVX6u AAJ749M AAJaQNO BBPaBpT	680 41 128 625 519 6 95 69 559	10/15/2019 11:40:31 AM#TAB#10/15/2019 11:45:00 AM#TAB#10/15/2019 11:47:46 AM#TAB#10/16/2019 10:18:25 AM#TAB#10/16/2019 10:57:06 AM#TAB#10/17/2019 1:11:55 PM#TAB#10/22/2019 10:19:09 AM#TAB#10/22/2019 11:45:16 AM#TAB#10/22/2019 12:07:26 PM	12 4 34 53 3 24 51  1	AAJuqCL AAJwvAk	AAHBcUv AAILSPr AAIWvN5 AAIWvN5 AAInhb2 AAInhb2 AAJ7B0b AAJ7TrL AAJ7TrL AAJ9gKe AAJ9gKe AAJb1o1 AAJb1o1 AAJb6Fp AAJb6Fp AAJkOG2 AAJkOG2 AAJl6pi AAJl6pi AAJnV9B AAJqPzE AAJqPzE AAJrImE AAJsK0X AAJsK0X AAJsUHI AAJsvCb AAJsvCb AAJtyHE AAJtyHE AAJuMZw AAJuMZw AAJuMZw AAJuMZw AAJuMZw AAJuQj0 AAJuTV1 AAJuTV1 AAJuYsW AAJuf6M AAJuf6M AAJvKRW AAJvKRW AAJvL8M AAJvL8M AAJvL8M AAJvL8M AAJvL8M AAJvjt5 AAJvjt5 AAJwyvr AAJwyvr BBT3Ys7 BBT3Ys7	10/29/2019 8:16:47 AM	10/29/2019 8:39:13 AM	29 76	15 27	3 4 4 22 4 7 18 3 4 4 24 4 25 4 17 4 13 4 14 31 4 10 10 4 23 19 1 4 4 21 1 2 3 4 30 28 4 8 29 4 11 4 16 1 2 3 4 5 4 6 4 12 4 12
7f9c17b5-3e4c-437a-95a2-74d2dfa0e261	2491FFF3E38261373509F23FE782621A	M	AAJGA8Q AAJHEIG AAJIgh9 AAJsTzF AAJCUdM AAJN4pY AAJKO3h	133 119 160 322 124 54 960	11/1/2019 6:05:51 PM#TAB#11/1/2019 6:08:05 PM#TAB#11/1/2019 6:15:02 PM#TAB#11/1/2019 6:17:43 PM#TAB#11/1/2019 6:23:05 PM#TAB#11/3/2019 12:38:45 PM#TAB#11/3/2019 12:39:40 PM	8 13 1 74  2 3	AAJSZdd AAJTL6N	AAGbGF4 AAGbGF4 AAJHp1S AAJHp1S AAJJjFv AAJJjFv AAJQFgT AAJQFgT AAJQK0Y AAJQK0Y AAJT9dc AAJT9dc AAJTDM7 AAJTDM7 AAJTGiX AAJTGiX AAJTPgO AAJTRAP AAJTRAP AAJTSfn AAJTSfn AAJTUJ1 AAJTUJ1 AAJTULS AAJTULS AAJTXWW AAJTXWW AAJTcr4 AAJTcr4 AAJTmAX AAJTmAX AAJTn3P AAJTn3P AAJTvlq AAJTvlq AAJTxY6 AAJTxY6 AAJTxb8 AAJTxb8 AAJU02V AAJU02V AAJU37g AAJU37g AAJUjom AAJUjom AAJUkDS AAJUkDS AAJUkIF AAJUkIF AAJUlHY AAJUlHY AAJaAFv AAJaAFv AAtVp0r AAtVp0r BBT3Rl8 BBT3Rl8	11/5/2019 5:48:31 PM	11/5/2019 6:11:19 PM	34 260	23 3	4 15 4 22 4 28 4 37 4 25 4 7 4 18 4 6 4 4 13 4 12 4 27 4 10 4 11 4 35 4 33 4 16 4 31 4 24 4 36 4 5 4 29 4 34 4 17 4 14 1 4 4 19 4 30 4 21
62382a4f-df1d-4588-b2e6-7d91d17f4a87	3DA28DDB2213A80A6FBA1DA7FFFFFFFF	A	AAJ74Ag AAJ2o6z AAJ1yNV AAJ730S AAJ7dZg AAJ7bHx AAJ6LMD	27 9 201 168 50 283 11	10/21/2019 10:01:52 AM#TAB#10/21/2019 10:13:41 AM#TAB#10/21/2019 10:14:18 AM#TAB#10/21/2019 12:15:47 PM#TAB#10/21/2019 12:19:55 PM#TAB#10/21/2019 12:21:40 PM#TAB#10/21/2019 12:40:24 PM	3 22 6 4 9 21 24	AAJcknl AAJeaFE	AABDHTv AABDHTv AACrblv AACrblv AAFnuqa AAFnuqa AAIA9ZC AAIFNzg AAIFNzg AAIPiYz AAIPiYz AAIY61g AAIZK5l AAIZK5l AAItiT8 AAItiT8 AAJ7FKq AAJ7LXT AAJ7LXT AAJ7Ocv AAJ7Ocv AAJ7TEq AAJ7TEq AAJ7mle AAJ7rA1 AAJ7rA1 AAJ7uxg AAJ7uxg AAJ7uxg AAJ7vjC AAJ7vjC AAJ7wgL AAJ7wgL AAJ7zHt AAJ7zHt AAJ87uq AAJ87uq AAJ8pEJ AAJ8pEJ AAJ9A8x AAJ9A8x AAJa8Vj AAJa8Vj AAJaAtj AAJaAtj AAJaAtj AAJaV7Z AAJaV7Z AAJaYMM AAJaYMM AAJaYMM AAJaZv9 AAJaZv9 AAJahfE AAJahfE AAJb4o1 AAJb4o1 AAJb9ZJ AAJb9ZJ AAJb9ZJ AAJbMkg AAJbMkg AAJbO9J AAJbO9J AAJbO9J AAJbTq8 AAJbTq8 AAJbfjj AAJbfjj AAJbhbB AAJbhbB AAJbmhu AAJbmhu AAJbrIB AAJbrIB AAJcBAE AAJcBAE AAJcHDh AAJcHDh AAJcL7D AAJcL7D AAJcL7D AAJcNvR AAJcPUk AAJcPUk AAJcPUk AAJcQKF AAJcQKF AAJcQKF AAJcWHy AAJcWHy AAJcZhS AAJcZhS AAJccoD AAJccoD AAJckdl AAJckdl AAJcm2c AAJcm2c AAJd5qk AAJd5qk AAJd7za AAJd7za AAJd7za AAJdGT5 AAJdGT5 AAJdHzO AAJdHzO AAJdHzO AAJdLCd AAJdLCd AAJdR2w AAJdR2w AAJdTJj AAJdTJj AAJdTJj AAJdTTj AAJdTTj AAJdUPz AAJdUPz AAJdUPz AAJdUxx AAJdUxx AAJdYYD AAJdZwi AAJdZwi AAJdZwi AAJdifU AAJdifU AAJdifU AAJdr9k AAJdr9k AAJduM7 AAJduM7 AAJe4M6 AAJe4M6 AAJe6T4 AAJe6T4 AAJe6pb AAJe6pb AAJe70q AAJe70q AAJe70q AAJe7Bt AAJe7Bt AAJe7Bt AAJe8DT AAJe8DT AAJeOfA AAJeOfA AAJeY0r AAJeY0r AAJebrr AAJebrr AAJedF6 AAJedF6 AAJedF6 AAJedt6 AAJedt6 AAJedt6 AAJekrT AAJekrT AAJekrT AAJeq7A AAJeq7A AAJexAo AAJfQmD AAJfQmD AAJfnFB AAJfnFB AAJfsOt AAJfsOt AAJfsOt BBVJlLI BBVJlLI BBWn6Qh BBWn6Qh BBWn6Qh	10/23/2019 10:20:53 AM	10/23/2019 11:46:53 AM	49 67	4 83	4 21 4 69 4 73 89 4 82 4 27 14 4 65 4 24 91 4 61 4 77 4 74 90 4 66 4 27 34 4 41 4 58 4 43 4 48 4 40 4 79 4 23 4 22 29 4 10 4 23 30 4 80 4 55 30 38 4 26 87 4 72 4 7 9 4 59 4 49 4 81 4 18 4 22 4 39 4 46 4 10 12 92 4 28 35 2 3 4 4 54 4 42 4 47 4 68 4 78 4 71 4 7 11 4 64 3 4 5 4 28 4 56 4 15 16 4 57 4 17 21 4 45 13 1 4 84 4 5 6 4 88 4 60 4 76 1 4 4 70 4 11 13 4 29 36 4 12 4 63 4 67 4 86 4 20 75 4 15 16 4 26 33 4 9 4 4 62 4 6 4 24 32 4 85 4 14 17
fb3f20dd-9e2f-4435-8150-135ad33593cb	350E6C023816688226E167DC3C166B59	M	AAIPTjQ AAIP311 AAIP4jp AAIPCY5 AAISlee AAHfb7z AAIOLqI AAIbaj5 AAIMnTh BBTdFRI AAIUBNg AAILe6r AAIUHrS AAIV97m BBOL5Bw AAJ4Sfm AAJ4suE AAJ6MEM BBSBzAT AAISQtX AAIW785 AAISbTu AAHJHSr AAIMhFX AAJaoXM AAJbi0s AAJczbC AAJbhbB AAItiT8 AAJ3SSG AAJbR3j AAJaRIu AAJmR72 AAJs3HX BBVFDCm BBOcPTd	327 4 73 66 131 21 16 21 35 56 103 105 157 319 676 436 54 8 32 18 114 66 703 11 80 3 11 38 241 122 306 8 69 354 738 53	10/16/2019 5:30:18 AM#TAB#10/16/2019 5:35:45 AM#TAB#10/16/2019 5:38:09 AM#TAB#10/16/2019 11:57:31 AM#TAB#10/16/2019 12:02:58 PM#TAB#10/16/2019 12:38:26 PM#TAB#10/16/2019 12:40:29 PM#TAB#10/16/2019 12:41:23 PM#TAB#10/16/2019 12:44:13 PM#TAB#10/16/2019 12:47:32 PM#TAB#10/17/2019 9:07:54 AM#TAB#10/17/2019 9:24:16 AM#TAB#10/17/2019 11:37:44 AM#TAB#10/17/2019 11:40:24 AM#TAB#10/17/2019 11:47:59 AM#TAB#10/21/2019 5:54:53 AM#TAB#10/21/2019 6:59:08 AM#TAB#10/21/2019 7:00:03 AM#TAB#10/21/2019 7:01:31 AM#TAB#10/21/2019 7:05:52 AM#TAB#10/21/2019 7:10:12 AM#TAB#10/21/2019 7:12:37 AM#TAB#10/21/2019 12:13:09 PM#TAB#10/22/2019 6:13:27 AM#TAB#10/22/2019 6:20:10 AM#TAB#10/23/2019 5:15:32 AM#TAB#10/23/2019 5:15:46 AM#TAB#10/23/2019 5:16:04 AM#TAB#10/23/2019 5:18:42 AM#TAB#10/23/2019 5:22:57 AM#TAB#10/28/2019 5:41:23 AM#TAB#10/28/2019 6:38:44 AM#TAB#10/28/2019 7:22:18 AM#TAB#10/28/2019 7:25:05 AM#TAB#10/31/2019 11:10:49 AM#TAB#10/31/2019 11:11:39 AM	100 21 19 80 81 39 64 68 91 115 5 16 25 35 37 2 23 49 55 62 78 71 21 38 26 8 18 26 24 12 65 19 41 43 78 134	AAJMyNH BBEWkHH	AAJ732Z AAJGg4L AAJMQY3 AAJN6C9 AAJNEaF AAJNKsO AAJNOUw AAJNRSR AAJNtOE AAJNxD4 AAJOecL AAJOgpC AAJOgpC AAJOmpv AAJOzRe AAJOzRe	11/4/2019 7:27:53 AM	11/4/2019 7:42:56 AM	76 79	2 12	19 5 7 17 13 11 15 18 16 4 1 5 8 10 8 9
a9713e41-5cbe-438d-b359-5e303b3c5ae2	161F691394A662342C37648195AB63A5	M	AAJpo8l	777	10/26/2019 5:47:17 PM	42	AAJp458	AAHrHN5 AAHrHN5 AAILnpy AAILnpy AAIT99q AAIT99q AAIYKsZ AAIYKsZ AAIZFV1 AAIZFV1 AAIxpie AAIxpie AAIxpie AAJ7Giw AAJ7Giw AAJaRIu AAJaRIu AAJaXyN AAJaXyN AAJb4oh AAJb4oh AAJbbZ5 AAJcv7R AAJcv7R AAJdYQN AAJdYQN AAJdodw AAJdodw AAJeq7o AAJeq7o AAJg5jk AAJg5jk AAJh02w AAJh2w9 AAJh2w9 AAJhKjV AAJhKjV AAJjt6C AAJjt6C AAJktQt AAJktQt AAJmH5M AAJmH5M AAJmObr AAJmObr AAJn3KJ AAJn3KJ AAJnS25 AAJnS25 AAJoHWn AAJoHWn AAJoj3J AAJoj3J AAJoj3J AAJosFu AAJosFu AAJpcN0 AAJpcN0 AAJpo6Z AAJpo6Z AAJpo8l AAJpo8l AAJq7NV AAJqE20 AAJqE20 AAJqPu4 AAJqPu4 AAJqPu4 AAJqmAG AAJqmAG AAJrDSd AAJrDSd AAJrEwW AAJrEwW AAJrF7I AAJrF7I AAJrFfJ AAJrFfJ AAJrFfJ AAJrFux AAJrHVE AAJrHVE AAJrHXW AAJrHXW AAJrIGv AAJrIGv AAJrIZl AAJrIZl AAJrIZl AAJrKGq AAJrKGq AAJrKqI AAJrKqI AAJrLJO AAJrLJO AAJrLm9 AAJrLm9 AAJrNmd AAJrNmd AAJrOAc AAJrOh0 AAJrOh0 AAJrR2z AAJrRU7 AAJrS6Q AAJrSVL AAJrSVL AAJrTwJ AAJrTwJ AAJrUTi AAJrUTi AAJrUTi AAJrVSS AAJrVSS AAJrWlw AAJrWlw AAJrWlw AAJrY5n AAJrY5n AAJrZEi AAJrZEi AAJrfJM AAJrhQN AAJrhQN AAJriOB AAJriOB AAJriTF AAJriTF AAJriTF AAJriTF AAJs0zZ AAJs0zZ AAJs0zZ AAJs2EA AAJs2EA AAJs2EA AAJs2h5 AAJs2h5 AAJs2h5 AAJs78f AAJs78f AAJs8Cs AAJs8Cs AAJs8Cs AAJs8Zj AAJs8Zj AAJs8Zj AAJsiA5 AAJsiA5 AAJss6K AAJss6K AAJss6K	10/28/2019 2:33:30 AM	10/28/2019 3:01:12 AM	1144	23	4 19 4 41 4 17 4 21 4  4 13 15 4  4 16 4  2 4 27 3 4 4 30 4  4  4 34 44 4 29 4  4 42 1 4 4 31 4  4 40 4 37 4 6 4 12 14 4  4 53 4  4 33 5 4 39 4 10 12 4  4  4 25 4  4 11 13 6 4  4  4  4 5 7 4  4 51 4  4 52 4  45 4 24 43 4 7 4 55 4 22 2 4 54 4 18 4 14 16 4 5 4  28 4  4 36 1 2 3 4 1 3 4 4 6 8 1 3 4 3 4 4 15 17 4 7 10 4 35 4 8 11
110483db-13df-4e97-9ee8-58d5e69cfbba	11AD68A4C9A091616837E9D9FFFFFFFF	A	AAILvP3 AAIP9Iu	45 39	10/14/2019 12:23:39 PM#TAB#10/15/2019 11:54:07 AM	1 1	AAIW785	AAIW38h AAIW38h AAIW8Aa AAIWs7G AAIWs7G AAIfg7Y	10/17/2019 2:45:14 PM	10/17/2019 3:02:44 PM	32	1	2 4 4 3 4 5
2548f75c-d5b2-4d0c-949d-e7bb856383e7	37D18EB8560F2EE16F0C3D93FFFFFFFF	A	AAHWM0I AAIOedV AAHT28b AAIP3d5 AAIM74v AAIMskm AAJ1YOl AAIPs6I AAJ9vOd AAJayXz	90 64 43 218 770 195 422 52 1238 639	10/12/2019 5:28:45 PM#TAB#10/15/2019 7:19:26 AM#TAB#10/15/2019 7:20:30 AM#TAB#10/15/2019 12:09:32 PM#TAB#10/16/2019 8:45:44 AM#TAB#10/16/2019 9:33:14 AM#TAB#10/20/2019 8:11:08 AM#TAB#10/22/2019 5:14:31 PM#TAB#10/22/2019 5:54:07 PM#TAB#10/23/2019 6:15:55 PM	14 21 23 2 24 42 47 77 6 45	AAJm5dc	AAES7nn AAES7nn AAFpEUE AAFpEUE AAGdFwT AAGdFwT AAHT9QR AAHT9QR AAIIKKM AAIIKKM AAIOS6H AAIOS6H AAIPrde AAIPrde AAIVDVN AAIVDVN AAIVSOE AAIVSOE AAIW785 AAIW785 AAIZCJX AAIZCJX AAIbYl5 AAIbYl5 AAIzv30 AAIzv30 AAJ3UCO AAJ3UCO AAJ7B0b AAJ7B0b AAJ7TrL AAJ7TrL AAJ7bHx AAJ7bHx AAJ7jil AAJ7kRj AAJ7kRj AAJ7nal AAJ7nal AAJb2ig AAJb2ig AAJb6Fp AAJb6Fp AAJbhbB AAJbhbB AAJdOJG AAJdOJG AAJfSmD AAJfSmD AAJfYpO AAJfYpO AAJfoQm AAJfoQm AAJg4cK AAJg4cK AAJgYQ5 AAJgYQ5 AAJga7m AAJga7m AAJgbEO AAJgbEO AAJhLUM AAJhLUM AAJhTJ3 AAJhTJ3 AAJhd7B AAJhd7B AAJhwgq AAJhwgq AAJiSKP AAJiSKP AAJizms AAJizms AAJjCG6 AAJjCG6 AAJjH66 AAJjH66 AAJjIHv AAJjIHv AAJjTA6 AAJjTA6 AAJjUQK AAJjUQK AAJjjpR AAJjjpR AAJjpHt AAJjpRt AAJjpRt AAJjqtu AAJk3eA AAJkT49 AAJkT49 AAJkcGx AAJkcGx AAJkex7 AAJkex7 AAJkt4Q AAJkt4Q AAJkve5 AAJkve5 AAJl1LV AAJl1LV AAJl8ee AAJl8ee AAJlNpM AAJleoS AAJleoS AAJliuG AAJliuG AAJliwk AAJliwk AAJllPs AAJllPs AAJlxZ9 AAJlxZ9 AAJm37S AAJm37S AAJm3OK AAJm3OK AAJmARr AAJmARr AAJmIOL AAJmIaN AAJmIaN AAJmMRy AAJmMRy AAJmNb9 AAJmS4E AAJmS4E AAJmS7J AAJmS7J AAJmVl3 AAJmWjU AAJmWjU AAJmkwi AAJmkwi AAJmysv AAJmysv AAJn1kM AAJn1kM BBRIVFf BBRIVFf	10/25/2019 5:30:02 PM	10/25/2019 6:21:27 PM	175	3	4 54 4 89 4 85 4 51 4 39 4 50 4 90 4 107 4 33 4 25 4 36 4 106 4 16 4 34 4 35 4 55 4 24 60 4 37 4 88 4 105 4 86 4 111 4 43 4 46 4 84 4 52 4 81 4 53 4 44 4 112 4 108 4 23 4 31 4 10 4 114 4 18 4 83 4 110 4 113 4 8 4 29 4 57 91 4 40 59 48 4 41 4 17 4 5 4 87 4 42 4 28 4 11 4 4 47 4 21 2 4 4 56 4 12 4 7 4 82 4 13 45 4 14 4 30 58 4 27 4 22 92 4 6 4 19 4 109 4 49 4 15
e6eb4bf3-98f2-4731-bafc-30263ac5acf2	29D5D4A6F50F67D2369FD9C6F4B16699	M	AAIGZ3P AAtVp0r AAIAVDv AAIJ2PE AAInYce AAIMl4Y AAIORni AAILUab AAISjYj AAILtJG AAIVYU6 AAIZ4Hq AAIVMdN AAIVU1i AAIPCY5 AAIPs42 AAIWFJh AAILGtw AAIZlBL AAISSxd AAJ1Sia AAJ2d42 AAIVWgp AAJ4Sfm AAJ4yaI AAJ6VgD AAJbb3I AAJ7UEP AAJfE1E AAJcPcH AAJ7uxg	449 1153 164 148 35 456 142 827 455 717 45 171 667 176 46 23 78 674 96 8 370 92 65 108 411 335 91 306 89 126 234	10/13/2019 5:15:11 AM#TAB#10/13/2019 6:31:52 AM#TAB#10/13/2019 12:31:30 PM#TAB#10/14/2019 6:09:09 AM#TAB#10/14/2019 6:12:11 AM#TAB#10/15/2019 3:58:57 AM#TAB#10/15/2019 9:52:16 AM#TAB#10/15/2019 12:31:57 PM#TAB#10/16/2019 11:53:56 AM#TAB#10/17/2019 9:57:28 AM#TAB#10/17/2019 10:14:04 AM#TAB#10/18/2019 8:57:09 AM#TAB#10/18/2019 9:00:00 AM#TAB#10/18/2019 9:11:21 AM#TAB#10/18/2019 9:14:17 AM#TAB#10/18/2019 9:15:04 AM#TAB#10/18/2019 9:15:27 AM#TAB#10/18/2019 1:23:20 PM#TAB#10/18/2019 2:23:52 PM#TAB#10/18/2019 2:27:35 PM#TAB#10/19/2019 2:02:36 PM#TAB#10/19/2019 6:05:26 PM#TAB#10/19/2019 6:06:58 PM#TAB#10/21/2019 6:39:23 AM#TAB#10/21/2019 6:40:34 AM#TAB#10/21/2019 10:10:42 AM#TAB#10/22/2019 4:38:51 PM#TAB#10/22/2019 4:40:22 PM#TAB#10/23/2019 2:27:27 PM#TAB#10/23/2019 2:39:21 PM#TAB#10/23/2019 2:46:49 PM	8 31 13 3 63 1 1 7 1 10 1 3 92 99 137 140   32 44 5 27 36 3 33 29 7 13 22 13 30	AAJoEAq	AAGC54l AAGC54l AAHMjDC AAHMjDC AAHWHJu AAHWHJu AAIOLqI AAIOLqI AAIVBFq AAIVBFq AAIY7rF AAIY7rF AAJ7Psy AAJ7Psy AAJ7tqD AAJ7tqD AAJ7vjC AAJ7vjC AAJ9RLi AAJ9RLi AAJb0Gt AAJb7gi AAJb7gi AAJdnXA AAJdnXA AAJdodw AAJdodw AAJeYUF AAJeYUF AAJei6Q AAJei6Q AAJg2Cq AAJg2Cq AAJhpGX AAJhpGX AAJizms AAJizms AAJj4GB AAJj4GB AAJjFl3 AAJjFl3 AAJjGSV AAJjGSV AAJjgwU AAJjgwU AAJkQ4L AAJkQ4L AAJkteC AAJkteC AAJl83u AAJl83u AAJm4ID AAJm4ID AAJmOo9 AAJmOo9 AAJmQgX AAJmQgX AAJmUb5 AAJmUb5 AAJmWCa AAJmWCa AAJmjjC AAJmjjC AAJnFzc AAJnFzc AAJnIs0 AAJnIs0 AAJnP9U AAJnP9U AAJnP9U AAJnTKk AAJnTKk AAJnU3o AAJnU3o AAJnWWK AAJnWWK AAJnXkL AAJnXkL AAJo1l2 AAJo1l2 AAJo3Xl AAJo3Xl AAJoIBe AAJoIBe AAJoigo AAJoigo AAJotTu AAJotTu AAJotko AAJotko AAJp1PN AAJp1PN AAJp3mV AAJp3mV AAJp458 AAJp458 AAJp4iG AAJp4iG AAJpDGB AAJpDGB AAJpDrr AAJpDrr AAJpEF4 AAJpEF4 AAJpJAf AAJpJAf AAJpKh7 AAJpKh7 AAJpMXE AAJpMXE AAJpPxD AAJpPxD AAJpXzC AAJpXzC AAJpcmG AAJpcmG AAJpdjE AAJpdjE AAJpnqw AAJpnqw AAJpqT8 AAJpqT8 AAJprX2 AAJprX2 AAJpsCS AAJpsCS AAJptS7 AAJptS7 AAJpuUd AAJpuUd AAJpwLv AAJpwLv AAJpwoh AAJpwoh AAJpxGz AAJpxGz AAJpyYS AAJpyYS AAJpz05 AAJpz05 AAJpzwc AAJpzwc AAJq5hB AAJqcLh AAJqcLh	10/27/2019 5:41:27 AM	10/27/2019 6:01:43 AM	14	8	4 65 4 70 4 16 4 54 4  4 67 4 33 4  4 24 4 55  4 25 4 35 4 51 4 15 4 68 4 13 4 71 4 45 4 36 4 17 4 72 4 40 4 56 4 59 4 57 4 41 4 73 4 39 4 19 4 61 4 42 4 62 4 49 4 28  4 21 4 64 4 63 4 58 4  4 44 4 27 4 12 4 52 4 37 4  4 11 4 46 4 47 4 14 4  4  4 66 4 50 4 6 4  4 22 4 5 4 7 4 34 4 10 3 4 4 29 4 31 4 23 4 18 4 30 4 60 1 4 4 43 4 48 4 4 69
5a187776-84d4-4088-9d5a-0b84fd559654	4C72A437819483E46FDA9676FFFFFFFF	A	AAIPrOR AAIStlO AAISUhq AAISTNt AAISSyf AAIWtVb AAJ1lTN AAIZiVv AAIZxLf AAIZyY7 AAIVD1k AAJ1C3u AAIVBFq AAIZlCQ AAIZpNf AAIYMxr AABiYUO AAJ70Aw AAJ7Aaw AAJ7nal AAIMhFX AAJa1w2 AAJ7tAi AAJ9N6l AAJ7JKW AAIXD2w AAJ7xCE AAJcknl	136 48 1370 113 30 141 103 58 19 181 238 648 17 47 41 90 56 65 98 262 27 64 29 60 52 164 138 431	10/16/2019 5:09:43 AM#TAB#10/16/2019 3:37:24 PM#TAB#10/16/2019 3:38:13 PM#TAB#10/16/2019 4:01:03 PM#TAB#10/16/2019 4:02:57 PM#TAB#10/18/2019 1:29:42 AM#TAB#10/19/2019 4:54:17 AM#TAB#10/19/2019 4:57:19 AM#TAB#10/19/2019 4:58:17 AM#TAB#10/19/2019 4:58:37 AM#TAB#10/19/2019 5:01:38 AM#TAB#10/19/2019 5:06:44 AM#TAB#10/19/2019 11:43:37 AM#TAB#10/19/2019 11:46:00 AM#TAB#10/20/2019 3:33:27 AM#TAB#10/20/2019 3:37:33 AM#TAB#10/21/2019 6:18:03 AM#TAB#10/21/2019 12:26:12 PM#TAB#10/21/2019 12:27:18 PM#TAB#10/21/2019 5:06:52 PM#TAB#10/22/2019 6:41:58 AM#TAB#10/22/2019 6:43:32 AM#TAB#10/22/2019 6:44:52 AM#TAB#10/22/2019 6:47:31 AM#TAB#10/22/2019 6:48:32 AM#TAB#10/22/2019 6:49:25 AM#TAB#10/22/2019 6:52:09 AM#TAB#10/23/2019 6:29:08 AM	42 12 11 37 33 3 3 12 34 41 56 75 33 41 23 7 22 13 23 33 11 14 22 42 60 70  1	AAJgh4p AAJhKjV AAJiox9 AAJjkJu AAJjuUW	AABiYUO AABiYUO AADaZkV AADaZkV AAER4WJ AAER4WJ AAFNXlA AAFNXlA AAFpVvX AAFpVvX AAILT6D AAILT6D AAIRF73 AAIRF73 AAISE4O AAISE4O AAJh2Fb AAJh4bM AAJh4bM AAJhGnz AAJhGnz AAJhKp2 AAJhKp2 AAJhiQ2 AAJhnWw AAJhnWw AAJhxBK AAJhxBK AAJhxGj AAJhxGj AAJi6NP AAJi6NP AAJiAP8 AAJiAP8 AAJiMez AAJiMez AAJiMuu AAJiMuu AAJimmZ AAJimmZ AAJin2S AAJin2S AAJis07 AAJis07 AAJj4zS AAJj4zS AAJjBcG AAJjBcG AAJjCG6 AAJjCG6 AAJjDsE AAJjDsE AAJjFQB AAJjFQB AAJjGLQ AAJjGLQ AAJjH66 AAJjH66 AAJjH66 AAJjH7x AAJjH7x AAJjHc3 AAJjHc3 AAJjg3C AAJjg3C AAJjoaq AAJjoaq AAJjpio AAJjpio AAJjs3Q AAJjs3Q AAJju61 AAJju61 AAJjucf AAJjucf AAJjusP AAJjusP AAJjuyh AAJjuyh AAJjxBA AAJjxBA AAJjxxB BBPasDV BBPasDV	10/24/2019 7:13:18 PM	10/24/2019 7:27:19 PM	68 77 14 24 32	47 54 21 36 41	4 19 4 48 4 23 4 24 4 45 4 49 4 15 4 55 4 4 31 4 44 4 33  4 52 4 30 4 16 4 34 4 53 4 11 4 6 4 35 4 46 4 18 4 40 4 7 4 25 4 14 4 13 4 28 4 8  2 4 4 27 4 22 4 50 4 39 4 17 3 4 4 51 4 10 4 43 4 29  4 42
d832dd7a-3882-4cb2-bc4a-cba9481ec9ee	1EE40885BEAC67EA0E0C0496BF7066D5	M	AAISWlZ AAJga7m	178 183	10/16/2019 4:16:34 PM#TAB#10/24/2019 12:48:41 PM	7 9	AAJotDz	AAIubCd AAJoHWn AAJrTXT AAJrY5n AAJsSxE AAJsbD8 AAJt9ny AAJtcd8	10/28/2019 11:50:57 AM	10/28/2019 12:20:40 PM	447	7	9 10 11 5 2 4 8 6
b14024d7-6c1f-4cb6-94c0-2bc80f0d361a	0DB19489AE90684725529C1CAA906E3D	M	AAIWe56 AAIW26m AAIZR6O AAJ21Za AAIPs42 AAJ80oA AAJa37x AAJbeuI AAJgw1h AAJgk7b AAJliwk AAJmkwi AAJu4K2 AAJnDrc AAJugNF AAJuZdo AAJve1D AAJxpBH AAIYCmq AAJyHYj AAJAwex AAJisKw AAJG8XH AAFnKwJ BBPXe13	238 466 266 1092 302 597 446 1285 161 96 279 78 367 375 223 215 534 298 165 195 330 197 220 264 74	10/17/2019 3:31:09 PM#TAB#10/17/2019 3:35:08 PM#TAB#10/18/2019 2:47:21 PM#TAB#10/19/2019 1:16:00 PM#TAB#10/19/2019 1:34:13 PM#TAB#10/22/2019 2:47:29 PM#TAB#10/22/2019 2:58:02 PM#TAB#10/22/2019 3:05:28 PM#TAB#10/24/2019 5:30:32 AM#TAB#10/24/2019 5:33:41 AM#TAB#10/25/2019 2:42:43 PM#TAB#10/25/2019 2:48:02 PM#TAB#10/28/2019 3:08:51 PM#TAB#10/28/2019 4:44:54 PM#TAB#10/28/2019 4:51:10 PM#TAB#10/28/2019 4:54:53 PM#TAB#10/29/2019 3:48:53 PM#TAB#10/30/2019 2:56:08 PM#TAB#10/30/2019 3:01:06 PM#TAB#10/30/2019 3:37:50 PM#TAB#10/31/2019 6:04:41 AM#TAB#11/1/2019 3:17:16 PM#TAB#11/1/2019 3:25:44 PM#TAB#11/1/2019 3:32:35 PM#TAB#11/1/2019 3:40:55 PM	2 3 26 9 89 13 12 10 10 39 1 14 34 3 17 34 3 29  1 5 10 12 49 	AAJD80n	AACJkDv AACJkDv AAJ7RAn AAJ7RAn AAJBQ22 AAJG2ta AAJG2ta AAJI48Y AAJI48Y AAJID5O AAJID5O AAJIZJI AAJIZJI AAJKC6B AAJKC6B AAJKO3h AAJKO3h AAJKXrI AAJKXrI AAJLCq5 AAJLCq5 AAJMQ7V AAJMnzH AAJNmJ3 AAJNmJ3 AAJNpF8 AAJNpF8 AAJNpyh AAJNpyh AAJNseo AAJNseo AAJNslN AAJNslN AAJaDWH AAJaDWH AAJuCje AAJuCje	11/3/2019 2:22:28 PM	11/3/2019 3:08:04 PM	1169	17	4 21 4 13 27 4 23 4 22 4 12 4 15 4 11 3 4 4 10 4 18 25 4 4 8 4 24 4 14 2 4 4 5 4 16 4 19
2353709d-d23f-47ec-8ff6-a95400e14168	0E7F7E8A0ABF6332094372050B0162A3	M	AAIKB9R AAIP9bV AAIPryA AAIJQqR AAISLcH AAISy8L AAISzK5 AAISWOj AAIT2Xj AAISUhk AAIPq0g AAIVYU6 AAIW26m AAIWCJx AAIW8YV AAIssLw AAIWo8J AAIWxD8 AAIZj05 AAIZE3L AAJ7KVT AAJb5wO AAJdv1U AAJuRsV AAIxpie AAJuUF4 AAJuqQz	39 131 13 87 14 130 80 138 107 103 24 211 233 117 130 1208 38 26 10 180 73 92 154 48 17 34 293	10/14/2019 12:54:07 PM#TAB#10/15/2019 4:36:07 PM#TAB#10/15/2019 4:38:18 PM#TAB#10/15/2019 4:40:01 PM#TAB#10/16/2019 1:43:23 PM#TAB#10/16/2019 2:15:30 PM#TAB#10/16/2019 2:17:40 PM#TAB#10/16/2019 4:07:17 PM#TAB#10/16/2019 4:09:36 PM#TAB#10/16/2019 4:13:10 PM#TAB#10/16/2019 4:36:32 PM#TAB#10/17/2019 12:41:36 PM#TAB#10/17/2019 4:12:32 PM#TAB#10/17/2019 4:16:26 PM#TAB#10/17/2019 4:18:24 PM#TAB#10/17/2019 4:20:35 PM#TAB#10/17/2019 4:40:43 PM#TAB#10/17/2019 4:46:17 PM#TAB#10/18/2019 3:09:35 PM#TAB#10/18/2019 3:50:31 PM#TAB#10/21/2019 3:58:38 PM#TAB#10/22/2019 2:05:35 PM#TAB#10/23/2019 5:56:45 PM#TAB#10/28/2019 1:18:38 PM#TAB#10/28/2019 1:29:08 PM#TAB#10/28/2019 4:50:20 PM#TAB#10/28/2019 4:50:55 PM	10 9 39 47 111 105 106 5 1 54 23 1 6 24 73 80 57 7 43 4 16 1  50 21 82 95	AAJBapg	AACLYy8 AACrblv AAD4qsL AAEUtt9 AAEf8UG AAIDGhc AAIOf2Y AAIZK1W AAItA8b AAJ7Ijf AAJ7Psy AAJA49T AAJAFQ3 AAJAFbd AAJAGtI AAJAS6T AAJATnq AAJAWPp AAJAXds AAJAXel AAJAZ8X AAJAeJX AAJAgbA AAJAumK AAJAvuY AAJAwfn AAJBA6b AAJBAmh AAJBBxD AAJBCZG AAJBDWZ AAJBDiu AAJBE2M AAJBEWq AAJBFi4 AAJBFjc AAJBKKG AAJBLIw AAJBLcO AAJBQ22 AAJBSC8 AAJBSDh AAJBSDh AAJBUti AAJBXbZ AAJBa6B AAJBaFo AAJBkmb AAJBlPW AAJBlsb AAJBmgN AAJBmut AAJBsSa AAJBu3D AAJBuUz AAJBuUz AAJBuo8 AAJBv6T AAJBvFc AAJBxlc AAJBxtT AAJBxxy AAJbhup AAJg2VE AAJjAFu AAJjy4s AAJkGNa AAJkR1Q AAJm1H7 AAJm38q AAJnIVM AAJpuRR AAJqcm6 AAJsIA3 AAJsQ2A AAJt4dx AAJtzZO AAJuF9m AAJuGvl AAJuUe9 AAJvKHd AAJvVXd AAJw3lX AAJweE4 AAJwk54 AAJwxEl AAJx2tM AAJxbu7 AAJxcwn AAJxpBH AAJxv28 AAJy8cw AAJyAtn AAJyDeq AAJyHYj AAJyRiB AAJySBo AAJyWng AAJyaza AAJydu1 AAJylVA AAJylYe AAJynW9 AAJytpD AAJz2jC AAJz4YV AAJzANC AAJzGHw AAJzNBJ AAJzObg AAJzPvP AAJzT9O AAJzXjt AAJzZ9N AAJzZnh AAJzfU1 AAJzgGH AAJzqW1 AAJztsq AAJzuGx AAJzvVT AAJzvZh AAJzw8Q AAJzxD4 BBPa3OQ BBTaBuq BBTdFRI BBTqcRZ	10/30/2019 4:37:47 PM	10/30/2019 4:58:58 PM	1199	47	80 125 70 75 62 79 22 10 123 29 19 131 13 78 106 55 87 130 38 15 101 31 117 34 84 53 36 25 129 92 108 28 45 6 35 16 133 85 97 24 69 1 23 43 66 11 8 98 9 4 76 94 17 126 1 63 54 88 57 68 104 82 46 60 103 27 91 121 118 77 64 135 105 73 89 119 71 83 109 56 100 52 102 67 116 115 12 81 120 49 37 107 18 99 2 74 110 59 127 42 95 111 21 40 61 96 124 5 65 112 132 50 41 113 128 72 114 122 30 39 90 58 44 33 86 48 134 93
387dc452-f064-448b-b389-bdda4063e56a	7D60B6B5E8DE77E9C778C298FFFFFFFF	A	AAIAVDv AAIHhcZ AAIIt3k AAIASP3 AAILx56 AAILDcT AAILWec AAIP6uS AAIP6Md AAIPRLJ AAIS3No AAIWe56 AAH1VSo AAISTCg AAJ21xl AAJ20M6 AAJ67yq AAJ4C3Q AAJ8s9c AAJ7QiP AAJ7Xq0 AAJ7uf9 AAJ7YGz AAJ7kRj AAJ7Ozv AAJaoXM AAJa51v AAJ9Vh3 AAJaINO AAF2p1C AAJbttn AAJcQKF AAJdTTj AAJfp0d AAJgV2O AAJdPKU AAJfR56 AAJfTQO AAJjV4n	417 228 91 1437 130 159 120 99 233 1298 266 203 32 389 85 184 140 44 22 36 47 196 52 150 640 136 122 23 64 5 127 647 62 250 16 118 144 607 1069	10/13/2019 11:31:58 AM#TAB#10/13/2019 1:37:26 PM#TAB#10/13/2019 5:37:18 PM#TAB#10/14/2019 3:01:45 AM#TAB#10/14/2019 6:33:06 PM#TAB#10/14/2019 6:35:37 PM#TAB#10/14/2019 6:38:17 PM#TAB#10/15/2019 3:09:41 PM#TAB#10/16/2019 7:03:49 AM#TAB#10/17/2019 12:30:45 PM#TAB#10/17/2019 12:52:24 PM#TAB#10/17/2019 6:55:53 PM#TAB#10/18/2019 9:01:23 AM#TAB#10/18/2019 9:04:07 AM#TAB#10/19/2019 11:53:24 AM#TAB#10/19/2019 9:44:28 PM#TAB#10/20/2019 6:33:52 PM#TAB#10/20/2019 10:17:58 PM#TAB#10/21/2019 10:50:05 PM#TAB#10/21/2019 10:50:27 PM#TAB#10/21/2019 10:57:06 PM#TAB#10/21/2019 10:57:53 PM#TAB#10/21/2019 11:07:54 PM#TAB#10/21/2019 11:10:18 PM#TAB#10/21/2019 11:12:48 PM#TAB#10/22/2019 7:05:07 AM#TAB#10/22/2019 7:17:03 AM#TAB#10/22/2019 7:19:06 AM#TAB#10/22/2019 4:31:16 PM#TAB#10/22/2019 8:15:12 PM#TAB#10/22/2019 8:21:23 PM#TAB#10/23/2019 8:19:45 AM#TAB#10/23/2019 2:36:41 PM#TAB#10/24/2019 5:44:18 AM#TAB#10/24/2019 5:54:18 AM#TAB#10/24/2019 5:54:35 AM#TAB#10/24/2019 7:52:55 AM#TAB#10/24/2019 7:55:20 AM#TAB#10/24/2019 6:44:25 PM	13 12 6 39 4 8 31 3 10 33 21 4 8 23 28 13 22 45 5 9 20 22 4 24 33 16 24 26 27 21 115 3 6 4 22 29 28 16 22	AAJn1ar AAJnbOh	AAJ7Giw AAJ7Giw AAJaKGB AAJaKGB AAJahfE AAJahfE AAJahfE AAJbgM8 AAJbgM8 AAJhwgq AAJhwgq AAJizms AAJizms AAJjTA6 AAJjTA6 AAJk3eA AAJkUJC AAJkUJC AAJl8ee AAJl8ee AAJl8ee AAJlNpM AAJlNpM AAJliwk AAJliwk AAJliwk AAJm5dc AAJm5dc AAJmARr AAJmARr AAJmI8G AAJmI8G AAJmIOL AAJmIOL AAJmIgV AAJmIgV AAJmIm9 AAJmJsz AAJmKFk AAJmKFk AAJmKFk AAJmTW0 AAJmTW0 AAJmWjU AAJmWjU AAJmX7w AAJmX7w AAJmkwi AAJmkwi AAJn1kM AAJn3KJ AAJn3KJ AAJnbFi AAJnbFi AAJnbc2 AAJnbc2	10/25/2019 10:41:27 PM	10/25/2019 10:59:02 PM	77 63	1 5	4 28 4 27 4 11 12 3 4 4 18 4 7 4 17 30 4 24 4 5 10 4 14 4 12 13 4 15 4 19 4 22 4 23 4 8 4 29 4 10 11 4 6 4 16 4 13 4 21 31 2 4 4 25 1 4
deeb4f0b-68e0-4792-b28b-5c9d5fb82d27	331F0EA115606B341549077C14C26A2F	M	AAI7fJD	233	10/14/2019 5:38:32 AM	83	AADHrxF AAIMl4Y	AAEbQmG AAF5zLM AAFQZvl AAFnbY8 AAG8nOU AAGNI7u AAHRkuy AAI7LlV AAI7QmB AAIAJLQ AAIAU18 AAIAU1o AAIAiv3 AAIAj5W AAIAvIM AAIAwkK AAIB686 AAICD8p AAICSt7 AAICi9l AAIDBcs AAIDCYH AAIDFiU AAIDNEb AAIDPpI AAIDTJ3 AAIDcam AAIE00F AAIEaM7 AAIEgy3 AAIF58L AAIGltp AAIGqw8 AAIIGI5 AAIIX7W AAIJQaP AAIJicH AAIKPip AAIL0ZR AAIL2jO AAIL2r1 AAIL4dT AAIL8BN AAILB3i AAILDiO AAILFIb AAILGXr AAILGtw AAILH6M AAILHCD AAILIa2 AAILJ2A AAILJ5G AAILLP2 AAILLnJ AAILMf0 AAILPby AAILTJT AAILTVg AAILTmD AAILUoX AAILUzb AAILVt1 AAILXqm AAILXzk AAILZaX AAILaSA AAILxm1 AAILz5h AAIM2sZ AAIM4Oa AAIM4Ua AAIM6uJ AAIM9d9 AAIMDAt AAIMEun AAIMb7G AAIMbcB AAIMblh AAIMcK2 AAIMcsW AAIMibu AAIMkt1 AAIMmzk AAIMs0x AAIMsks AAIMvHU AAINGth AAINIYK AAINTun AAINbdS AAINbuQ AAINcGd AAINx9D AAINybn AAINynA AAIO3P2 AAIO6ae AAIO6dC AAIObYa AAIOoUl AAIOrky AAIOutZ AAIgFnZ AAIsCKH AAIubgU AAIvBAb AAIwVX0 AAIwVzh AAIxaEO AAIxcHb AAIxpie BBO95Cg BBOrd0o BBPaBpT BBUam5z BBVlp3i	10/15/2019 5:49:32 AM	10/15/2019 6:07:03 AM	75 595	79 1	27 17 93 47 97 63 21 81 95 123 75 58 82 15 89 91 16 49 76 33 44 29 60 45 102 61 23 37 77 88 117 83 40 53 56 70 59 5 86 71 72 65 69 112 109 36 34 22 51 74 52 121 90 14 120 3 103 62 31 28 78 99 106 104 98 7 115 67 43 6 87 8 41 24 110 4 73 19 25 94 35 119 100 80 30 57 50 48 84 54 13 12 10 64 55 116 118 11 68 39 114 66 96 101 107 124 46 108 113 122 92 125 85 42 105 18 111
91b109a9-a264-4468-bf8a-558282e7f88b	2A94DBDB19A269FF1586D7DD1DA26AFE	M	AAIKWUe AAIKzRZ AAIMEun AAIMl4Y	216 870 152 743	10/14/2019 9:42:07 AM#TAB#10/14/2019 12:22:32 PM#TAB#10/15/2019 6:20:52 AM#TAB#10/15/2019 7:36:32 AM	5 2 2 1	AAJb6OY	AABDHTv AAIPiYz AAISKeX AAItiT8 AAJ3SSG AAJ7FMT AAJ7uxg AAJ8w8G AAJb19N AAJb4oh AAJbQUB AAJbapE AAJbdlN AAJbhbB AAJbi0s AAJbsiC AAJcGYf AAJcIWw AAJcLEl AAJcQKF AAJcSj4 AAJcbx3 AAJcknl AAJcm2c AAJctWm AAJcv7K AAJczat AAJczbC	10/23/2019 4:49:22 AM	10/23/2019 5:01:16 AM	102	4	23 22 29 24 12 30 33 14 17 35 27 20 16 26 8 32 21 10 9 6 15 5 2 34 28 11 7 18
8b790844-a7ce-4ff0-94ae-7be7b53710f9	116BDD8C1B73669F0F3ED41D1AB367D8	M	AAIPpsW AAIW1GZ AAISOY7 AAIVYU6 AAIWb1b AAJ6p6f AAJ60Lr AAJC7fe	273 352 173 94 416 404 61 1129	10/17/2019 9:27:35 AM#TAB#10/17/2019 2:19:15 PM#TAB#10/17/2019 2:31:38 PM#TAB#10/17/2019 2:35:43 PM#TAB#10/17/2019 2:44:06 PM#TAB#10/21/2019 9:04:10 AM#TAB#10/21/2019 9:24:47 AM#TAB#10/31/2019 9:29:42 AM	29 8 7 4 2 6 3 22	BBT3rvd	AAE8L04 AAE8L04 AAHT1Po AAHT1Po AAHYMgP AAHYMgP AAIPby1 AAIPby1 AAIPby1 AAIZ7ZD AAIZ7ZD AAIZit8 AAIZit8 AAJA0ac AAJA0ac AAJBxc9 AAJBxc9 AAJDyiV AAJDyiV AAJFvhS AAJFvhS AAJG2ta AAJG2ta AAJG2ta AAJGHAR AAJGHAR AAJGHM8 AAJGHM8 AAJGt6a AAJGt6a AAJHJFZ AAJHJFZ AAJIegL AAJIisu AAJIisu AAJIjG8 AAJIjG8 AAJJqiw AAJJqiw AAJJvhy AAJJvhy AAJKBPW AAJKBPW AAJKCZ4 AAJKCZ4 AAJKO3h AAJKO3h AAJLltk AAJLltk AAJN60M AAJN60M AAJNEAV AAJNEAV AAJNT94 AAJNT94 AAJNURk AAJNZ5J AAJNZ5J AAJNcOl AAJNcOl AAJNxD4 AAJNxD4 AAJO24j AAJO2W2 AAJO5iV AAJO5iV AAJO5iV AAJO6IF AAJO6IF AAJO6IF AAJO9UV AAJO9UV AAJOCEP AAJOCEP AAJOCL6 AAJOCL6 AAJOCPX AAJOCPX AAJOCgo AAJOCgo AAJOCra AAJOCra AAJOGWZ AAJOGWZ AAJOIgF AAJOIgF AAJOJTG AAJOKI6 AAJOKpj AAJOKpj AAJOKpj AAJOLu3 AAJOLu3 AAJOMVa AAJOMVa AAJOMVa AAJOQ76 AAJOQ76 AAJORrA AAJORrA AAJOSBr AAJOSBr AAJOTEK AAJOTEK AAJOTeL AAJOTeL AAJOXRa AAJOXyE AAJOXyE AAJObtd AAJObtd AAJOd7A AAJOd7A AAJOd7A AAJOe2h AAJOe2h AAJOklG AAJOmwb AAJOmwb AAJOpyy AAJOpyy AAJOpzP AAJOpzP AAJOqai AAJOqai AAJOy3K AAJOy3K AAJP8nj AAJP9Ea AAJP9Ea AAJP9Gm AAJP9Gm AAJP9v0 AAJP9v0 AAJPME0 AAJPME0 AAJPMk8 AAJPMk8 AAJPMk8 AAJPMpL AAJPMpL AAJPSh4 AAJPSh4 AAJPaol AAJPaol AAJPmR9 AAJPmR9 AAJPmUb AAJPmUb AAJPmXj AAJPmXj AAJPq3q AAJPq3q AAJPq3q AAJPvZE AAJPvZE AAJPvZE AAJPw4K AAJPw4K AAJPw8K AAJPw8K AAJPwbr AAJPwbr AAJQ2BP AAJQ2BP AAJQ2kx AAJQB31 AAJQB31 AAJQDiB AAJQDiB AAJQGHv AAJQGHv AAJQJ1i AAJQJZV AAJQJZV AAJQJZV AAJQLEP AAJQLEP AAJQLEP AAJQLLc AAJQLLc AAJQLqL AAJQLqL AAJQMih AAJQMih AAJQO90 AAJQO90 AAJQO90 AAJQOHt AAJQOHt AAJQOyE AAJQOyE AAJQPje AAJQPje AAJQQHx AAJQQHx AAJQQKV AAJQQKV AAJQQPF AAJQQPF AAJQb12 AAJQb12 AAJQb12 AAJQb8O AAJQb8O AAJQb8O AAJQc8X AAJQc8X AAJQck5 AAJQlCf AAJQlCf AAJQmQx AAJQmQx AAJQnBz AAJQnBz AAJQnz2 AAJQnz2 AAJQtpd AAJQtpd AAJQtwN AAJQtwN AAJQyvU AAJQyvU AAJQzLJ AAJQzLJ AAJfSIG AAJfSIG AAJi8yc AAJi8yc AAJjfOt AAJjfOt AAJt591 AAJt591 AAJt591 AAJuDZe AAJuDZe AAtVp0r AAtVp0r BBOzLiI BBOzLiI BBOzLiI BBPVl2n BBPVl2n BBSuVgr BBSuVgr BBVvqFs BBVvqFs	11/4/2019 2:33:01 PM	11/4/2019 3:00:19 PM	45	49	4 32 4 7 4 19 4 16 33 4 40 4 9 4 44 4 55 4 39 4 19 4 45 46 4  4 24 4 25 4 16 57 4 7 4 8 4 12 4 5 4  4  4  4  4 17 4 38 4 12 58 3 4 4 10 4 40 45  4 27 28 1 4 35 4 28 4  4 6 4 10 4 13 4 17 4 21 4 36  21 4 31 33 4 23 4 24 41 4  4 36 3 4 4  4 35 46 4 43 4 30 4 29 30 4 15 4 4 14 4  4  4  4 29 4 4 14 4 53 4 37 4 52 4 52  4 56 4 31 4 18 4 37 4 55 4 20 4 28 29 4 25 44 4 11 4 27 4 13 4 51 23 4 16 2 4 4 53 1 4 47 48 4 24 25 4 42 4 43 4 18 4 30 31 1 4 4 8 4  4 54 4 27 4 34 4 44 45 4 50 51 4 34 22 4 42 4 26 4 41 4 39 4  4 6 4 52 4  4 33 4 11 4 54 4 50  4 49 4 5 4 46 47 4 15 4  4 22
